date,co2_ppm,ch4_ppb,n2o_ppb,anomaly,irradiance,co2,primary_energy_consumption,land_use_change_co2,time_since_baseline,co2_ppm_growth_rate,ch4_ppb_growth_rate,n2o_ppb_growth_rate,co2_ma_12,temp_ma_12
1959-01-01,315.58,,,8.0,,8855.112,,8692.767,0.0,,,,,
1960-01-01,316.43,,,0.0,,9386.951,,7610.568,0.999315537303217,,,,,
1961-01-01,316.89,,,7.0,,9414.99,,7630.158,2.001368925393566,,,,,
1962-01-01,317.94,,,5.0,,9747.241,,7138.4,3.0006844626967832,,,,,
1963-01-01,318.74,,,-3.0,,10266.777,,6953.332,4.0,,,,,
1964-01-01,319.57,,,-9.0,,10824.47,,6659.918,4.999315537303217,,,,,
1965-01-01,319.44,,,-8.0,,11310.603,43360.309,6385.424,6.0013689253935665,,,,,
1966-01-01,320.62,,,-19.0,,11862.625,45732.449,5917.141,7.000684462696783,,,,,
1967-01-01,322.33,,,-7.0,,12237.371,47410.555,6250.528,8.0,,,,,
1968-01-01,322.57,,,-26.0,,12905.273,50246.746,6327.129,8.999315537303216,,,,,
1969-01-01,324.0,,,-11.0,,13761.798,53700.402,6940.544,10.001368925393566,,,,,
1970-01-01,325.06,,,8.0,,14899.139,57177.613,6689.67,11.000684462696784,,,,319.93083333333334,-4.583333333333333
1971-01-01,326.17,,,-2.0,,15503.862,59438.562,6139.398,12.0,0.03355725964890044,,,320.81333333333333,-5.416666666666667
1972-01-01,326.77,,,-23.0,,16224.579,62703.992,6438.088,12.999315537303216,0.03267705337673421,,,321.675,-7.333333333333333
1973-01-01,328.55,,,29.0,,17077.285,66337.648,6254.265,14.001368925393566,0.03679510240146433,,,322.64666666666665,-5.5
1974-01-01,329.36,,,-10.0,,16997.912,66696.508,6312.999,15.000684462696784,0.03591872680379948,,,323.5983333333333,-6.75
1975-01-01,330.73,,,10.0,,16988.477,67157.297,6123.497,16.0,0.03761686641149531,,,324.5975,-5.666666666666667
1976-01-01,331.56,,,-3.0,,17862.492,70744.766,6060.281,16.999315537303218,0.03751916637982289,,,325.59666666666664,-5.166666666666667
1977-01-01,332.68,,,18.0,,18358.039,73306.172,6620.091,18.001368925393567,0.04144753318307037,,,326.7,-3.0
1978-01-01,334.94,,,6.0,,19024.742,76179.039,6563.897,19.000684462696782,0.04466346453745862,,,327.8933333333333,-0.9166666666666666
1979-01-01,336.14,,,9.0,,19508.59,78698.641,5855.829,20.0,0.042844290013340336,,,329.0441666666667,0.4166666666666667
1980-01-01,337.9,,,29.0,,19409.793,78010.562,6001.314,20.999315537303218,0.047524568310754134,,,330.32166666666666,5.0
1981-01-01,339.29,,,53.0,,18879.756,77654.789,5836.581,22.001368925393567,0.04719135802469143,,,331.5958333333333,10.333333333333334
1982-01-01,340.93,,,5.0,,18729.742,77277.594,5531.553,23.000684462696782,0.048821755983510684,,,332.91833333333335,10.083333333333334
1983-01-01,341.57,,,53.0,,18901.775,78599.125,5839.854,24.0,0.04721464267099962,,,334.20166666666665,14.666666666666666
1984-01-01,344.21,1638.74,,31.0,,19457.25,82129.477,6424.799,24.999315537303218,0.05337087247911376,,,335.655,19.166666666666668
1985-01-01,345.48,1655.6,,22.0,,20144.863,84332.883,6787.743,26.001368925393567,0.05152944757266775,,,337.06583333333333,18.583333333333332
1986-01-01,346.78,1666.29,,26.0,,20438.045,86200.781,6943.316,27.000684462696782,0.05289045421423344,,,338.5175,21.583333333333332
1987-01-01,348.73,1679.42,,32.0,,21106.189,89321.43,6497.945,28.0,0.054425059716384894,,,340.0175,23.416666666666668
1988-01-01,350.51,1691.98,,56.0,,21918.756,92666.555,6156.68,28.999315537303218,0.05715405959705633,,,341.59666666666664,28.333333333333332
1989-01-01,353.07,1700.55,,12.0,,22200.213,94454.031,5980.82,30.001368925393567,0.061290128652158105,,,343.2958333333333,27.833333333333332
1990-01-01,353.86,1712.14,,41.0,,22732.145,95856.289,5829.07,31.000684462696782,0.056487729145518584,,,344.8725,30.75
1991-01-01,354.93,1721.66,,42.0,,23205.592,96516.406,5720.298,32.0,0.055899327661093734,,,346.43833333333333,33.5
1992-01-01,356.34,1738.92,,47.0,,22520.424,97104.883,5967.898,32.99931553730322,0.054572358686001854,,,347.97499999999997,35.0
1993-01-01,357.1,1735.77,,34.0,,22749.873,97894.812,5733.292,34.001368925393564,0.05249196852250293,,,349.4591666666667,33.416666666666664
1994-01-01,358.36,1741.38,,26.0,,22974.598,99137.25,6668.908,35.00068446269678,0.05112486434165375,,,350.91166666666663,35.166666666666664
1995-01-01,360.04,1751.14,,52.0,,23516.639,101315.359,6278.081,36.0,0.0540738355241972,,,352.4508333333333,35.083333333333336
1996-01-01,362.2,1752.24,,24.0,,24233.477,104245.836,6541.828,36.99931553730322,0.05226460590918336,0.06926052943114835,,353.95000000000005,34.5
1997-01-01,363.24,1753.4,,32.0,,24380.322,105269.266,8019.617,38.001368925393564,0.051406738450850975,0.05907223967141828,,355.43,35.333333333333336
1998-01-01,365.39,1761.47,,58.0,,24295.713,105852.398,6792.238,39.00068446269678,0.05366514793240684,0.05712090932550762,,356.98083333333335,38.0
1999-01-01,368.35,1773.79,,48.0,,24837.771,107613.984,6561.857,40.0,0.05626129097009147,0.0561920186731133,,358.61583333333334,39.333333333333336
2000-01-01,369.45,1775.54,,25.0,,25511.482,110416.398,6145.762,40.99931553730322,0.054035548201192496,0.049385926547595105,,360.19416666666666,36.75
2001-01-01,370.76,1772.87,316.3,45.0,,25692.994,111493.289,5460.704,42.001368925393564,0.050103378933356035,0.04252741760018819,,361.66833333333335,39.5
2001-02-01,371.69,1772.52,316.31,43.0,,,,,42.08624229979466,0.050387158763352646,0.035265807702641094,,363.1541666666667,39.666666666666664
2001-03-01,372.63,1773.65,316.21,55.0,,,,,42.16290212183436,0.04986898825120445,0.030197599990706703,,364.62916666666666,40.75
2001-04-01,373.55,1773.87,316.12,50.0,,,,,42.247775496235455,0.04829657069091331,0.020098681940514673,,366.06333333333333,41.0
2001-05-01,374.03,1770.88,316.11,57.0,,,,,42.32991101984942,0.04740968916269939,0.02022733426663681,,367.47416666666663,42.916666666666664
2001-06-01,373.4,1766.1,316.16,52.0,,,,,42.41478439425051,0.0419689697510881,0.014195637942321593,,368.72749999999996,45.083333333333336
2001-07-01,371.68,1763.02,316.23,59.0,,,,,42.496919917864474,0.0323297411398733,0.006784152038100899,,369.6975,45.666666666666664
2001-08-01,369.78,1764.51,316.3,48.0,,,,,42.58179329226557,0.02092766427388182,0.0070024654156963795,,370.32916666666665,47.666666666666664
2001-09-01,368.34,1770.44,316.41,51.0,,,,,42.666666666666664,0.01404030393128508,0.009718261663054673,,370.75416666666666,49.25
2001-10-01,368.61,1775.49,316.59,50.0,,,,,42.74880219028063,0.008812501710501186,0.007959261298801534,,371.0225,48.583333333333336
2001-11-01,369.94,1776.58,316.76,72.0,,,,,42.83367556468173,0.004316546762589857,0.0015729032185320957,,371.155,50.583333333333336
2001-12-01,371.42,1775.92,316.87,55.0,,,,,42.91581108829569,0.00533225064284748,0.0002140193969160098,,371.31916666666666,53.083333333333336
2002-01-01,372.7,1774.12,316.93,77.0,,26265.332,113894.43,6093.696,43.00068446269678,0.0052324954148235125,0.0007050714378380452,0.001991779955738293,371.48083333333335,55.75
2002-02-01,373.37,1772.86,316.97,78.0,,,,,43.08555783709788,0.004519895611934777,0.0001918172996637768,0.0020865606525244385,371.62083333333334,58.666666666666664
2002-03-01,374.3,1773.41,316.96,88.0,,,,,43.162217659137575,0.004481657408152984,-0.00013531418261780725,0.002371841497738947,371.76,61.416666666666664
2002-04-01,375.19,1772.74,316.9,58.0,,,,,43.24709103353867,0.0043903091955561635,-0.0006370252611520577,0.0024674174364165413,371.8966666666667,62.083333333333336
2002-05-01,375.93,1770.28,316.85,64.0,,,,,43.32922655715264,0.005079806432639167,-0.0003388146006505499,0.002340957261712795,372.055,62.666666666666664
2002-06-01,375.69,1766.89,316.83,53.0,,,,,43.41409993155373,0.006132833422603179,0.00044731328916824964,0.002119180161943124,372.24583333333334,62.75
2002-07-01,374.16,1764.26,316.82,61.0,,,,,43.49623545516769,0.006672406371071915,0.0007033385894659183,0.0018657306390916784,372.45250000000004,62.916666666666664
2002-08-01,372.03,1766.98,316.82,53.0,,,,,43.58110882956879,0.00608469901022235,0.0013998220469138012,0.001644008852355272,372.64000000000004,63.333333333333336
2002-09-01,370.92,1773.76,316.87,64.0,,,,,43.66598220396988,0.007004398110441512,0.0018752400533199598,0.00145380993015376,372.855,64.41666666666667
2002-10-01,370.73,1778.26,316.99,54.0,,,,,43.748117727583846,0.005751336100485727,0.001560132695762828,0.0012634637859694209,373.0316666666667,64.75
2002-11-01,372.43,1779.49,317.13,59.0,,,,,43.832991101984945,0.006730821214250948,0.0016379785880737963,0.0011680767773709633,373.2391666666667,63.666666666666664
2002-12-01,373.98,1779.64,317.24,44.0,,,,,43.9151266255989,0.006892466749232717,0.0020946889499526833,0.001167671284753924,373.45250000000004,62.75
2003-01-01,375.07,1777.54,317.29,74.0,,27652.691,117849.602,7321.209,44.0,0.006359001878186277,0.0019277162762383337,0.001135897516801876,373.65000000000003,62.5
2003-02-01,375.82,1774.83,317.34,58.0,,,,,44.0848733744011,0.006561855532045913,0.001111198853829487,0.00116730289932776,373.8541666666667,60.833333333333336
2003-03-01,376.64,1774.84,317.41,60.0,,,,,44.16153319644079,0.006251669783595926,0.0008063561161828492,0.0014197375063100814,374.0491666666667,58.5
2003-04-01,377.92,1775.8,317.48,55.0,,,,,44.24640657084189,0.0072763133345772335,0.0017261414533433772,0.0018302303565795874,374.2766666666667,58.25
2003-05-01,378.78,1774.45,317.51,60.0,,,,,44.328542094455855,0.007581198627403918,0.0023555595724971123,0.002083004576297842,374.51416666666665,57.916666666666664
2003-06-01,378.46,1771.68,317.53,47.0,,,,,44.41341546885695,0.007373100162367807,0.002710978046171597,0.002209386737366925,374.74499999999995,57.416666666666664
2003-07-01,376.88,1770.71,317.56,58.0,,,,,44.49555099247091,0.0072696172760315925,0.003655923730062405,0.0023357111293478283,374.97166666666664,57.166666666666664
2003-08-01,374.57,1774.3,317.63,64.0,,,,,44.580424366872,0.00682740639195778,0.00414266149022624,0.002556656776718569,375.18333333333334,58.083333333333336
2003-09-01,373.34,1780.55,317.77,62.0,,,,,44.6652977412731,0.0065243179122180806,0.0038280263395273906,0.0028402815034556106,375.385,57.916666666666664
2003-10-01,373.31,1784.69,317.93,72.0,,,,,44.747433264887064,0.006959242575459212,0.0036158941887014517,0.00296539323007039,375.6000000000001,59.416666666666664
2003-11-01,374.84,1785.28,318.04,52.0,,,,,44.832306639288156,0.006471014687323695,0.0032537412404678445,0.0028694856998707774,375.8008333333333,58.833333333333336
2003-12-01,376.17,1783.56,318.11,74.0,,,,,44.91444216290212,0.005855928124498533,0.0022026926794183055,0.002742403227840029,375.9833333333333,61.333333333333336
2004-01-01,377.17,1780.74,318.18,57.0,,28610.023,123841.742,6443.865,44.99931553730322,0.005598954861759209,0.001800240782204643,0.002805004885120921,376.1583333333333,59.916666666666664
2004-02-01,378.05,1779.68,318.2,72.0,,,,,45.08418891170431,0.00593369166090163,0.002732656085371543,0.0027100271002711285,376.3441666666667,61.083333333333336
2004-03-01,379.06,1780.93,318.16,63.0,,,,,45.163586584531146,0.006425233644859807,0.003431295215343466,0.002362874515610791,376.54583333333335,61.333333333333336
2004-04-01,380.54,1780.88,318.14,61.0,,,,,45.24845995893224,0.006932684165961156,0.002860682509291612,0.002078871109991054,376.76416666666665,61.833333333333336
2004-05-01,380.8,1777.74,318.14,37.0,,,,,45.3305954825462,0.005332910924547241,0.0018540956352672833,0.0019841894743473087,376.93249999999995,59.916666666666664
2004-06-01,379.87,1772.43,318.13,44.0,,,,,45.4154688569473,0.003725624900914326,0.00042332701165004316,0.0018895852360407694,377.05,59.666666666666664
2004-07-01,377.65,1768.17,318.14,25.0,,,,,45.497604380561256,0.002043090638930156,-0.0014344528465982664,0.0018264265020782045,377.1141666666667,56.916666666666664
2004-08-01,376.17,1769.97,318.17,45.0,,,,,45.582477754962355,0.004271564727554411,-0.0024403990306035572,0.0017000913011995245,377.2475,55.333333333333336
2004-09-01,374.43,1775.87,318.22,50.0,,,,,45.667351129363446,0.002919590721594423,-0.0026284013366656422,0.0014161185763288398,377.33833333333337,54.333333333333336
2004-10-01,374.63,1780.08,318.34,61.0,,,,,45.74948665297741,0.003535935281669289,-0.002583081655637698,0.0012895920485640477,377.44833333333327,53.416666666666664
2004-11-01,376.33,1780.53,318.56,73.0,,,,,45.83436002737851,0.003975029345854253,-0.0026606470693673057,0.0016350144635894903,377.57250000000005,55.166666666666664
2004-12-01,377.68,1778.17,318.77,50.0,,,,,45.91649555099247,0.004014142541935772,-0.003022045796048256,0.0020747540159062883,377.6983333333333,53.166666666666664
2005-01-01,378.63,1776.13,318.87,75.0,,29598.951,127936.719,5931.112,46.001368925393564,0.003870933531298748,-0.002588811393016366,0.0021685838204790198,377.82,54.666666666666664
2005-02-01,379.91,1775.76,318.89,60.0,,,,,46.08624229979466,0.0049199841290834545,-0.0022026431718061845,0.002168447517284733,377.97499999999997,53.666666666666664
2005-03-01,380.95,1775.58,318.86,74.0,,,,,46.16290212183436,0.004986018044636609,-0.0030040484465981843,0.0022001508674880377,378.13249999999994,54.583333333333336
2005-04-01,382.48,1774.79,318.78,67.0,,,,,46.247775496235455,0.005098018605140142,-0.0034196576973182236,0.0020116929653610782,378.2941666666666,55.083333333333336
2005-05-01,382.64,1772.51,318.66,63.0,,,,,46.32991101984942,0.0048319327731092265,-0.0029419375161722217,0.001634500534356098,378.44750000000005,57.25
2005-06-01,382.4,1768.81,318.59,65.0,,,,,46.41478439425051,0.006660173217153176,-0.002042393775776863,0.0014459497689622847,378.6583333333333,59.0
2005-07-01,380.93,1766.41,318.65,61.0,,,,,46.496919917864474,0.008685290613001495,-0.0009953794035640895,0.0016030678317722202,378.9316666666667,62.0
2005-08-01,378.93,1768.16,318.77,60.0,,,,,46.58179329226557,0.007337108222346345,-0.001022616202534521,0.001885784329132223,379.16166666666663,63.25
2005-09-01,376.89,1773.24,318.9,71.0,,,,,46.666666666666664,0.006569986379296511,-0.001480964259771178,0.0021368864307709234,379.3666666666666,65.0
2005-10-01,377.19,1778.59,319.11,76.0,,,,,46.74880219028063,0.006833408963510701,-0.0008370410318637722,0.002418797512094173,379.58,66.25
2005-11-01,378.54,1781.25,319.36,74.0,,,,,46.83367556468173,0.005872505513777826,0.0004043739785344336,0.0025113008538424353,379.7641666666666,66.33333333333333
2005-12-01,380.31,1780.26,319.58,67.0,,,,,46.91581108829569,0.006963567040881191,0.001175365684945806,0.002541017034225268,379.98333333333335,67.75
2006-01-01,381.58,1779.53,319.73,56.0,,30594.152,131481.203,6033.741,47.00068446269678,0.007791247391912837,0.0019142742929851853,0.002697023865525283,380.2291666666667,66.16666666666667
2006-02-01,382.4,1779.48,319.81,74.0,,,,,47.08555783709788,0.006554183885657094,0.0020948776861737795,0.002885007369312298,380.43666666666667,67.33333333333333
2006-03-01,382.86,1777.39,319.77,63.0,,,,,47.162217659137575,0.005013781336133505,0.001019385214972024,0.0028539170795960356,380.59583333333336,66.41666666666667
2006-04-01,384.8,1776.12,319.7,46.0,,,,,47.24709103353867,0.00606567663668689,0.0007493844342147948,0.0028860028860029363,380.7891666666667,64.66666666666667
2006-05-01,385.22,1774.91,319.69,48.0,,,,,47.32922655715264,0.006742630148442563,0.0013540121071249356,0.0032322851942507835,381.0041666666666,63.416666666666664
2006-06-01,384.24,1769.23,319.66,66.0,,,,,47.41409993155373,0.004811715481171541,0.00023744777562328956,0.0033585486047900126,381.1575,63.5
2006-07-01,382.65,1764.17,319.63,54.0,,,,,47.49623545516769,0.004515265271834545,-0.0012681087629712318,0.0030754746587164927,381.3008333333333,62.916666666666664
2006-08-01,380.6,1767.24,319.68,71.0,,,,,47.58110882956879,0.004407146438656362,-0.0005203149036286936,0.002854722840919921,381.44000000000005,63.833333333333336
2006-09-01,379.04,1774.58,319.82,66.0,,,,,47.66598220396988,0.005704582238849731,0.0007556788703164674,0.0028849169018501097,381.6191666666667,63.416666666666664
2006-10-01,379.33,1778.25,320.0,70.0,,,,,47.748117727583846,0.005673533232588346,-0.00019116266255847503,0.002789006925511428,381.79750000000007,62.916666666666664
2006-11-01,380.35,1779.04,320.16,73.0,,,,,47.832991101984945,0.004781529032598986,-0.0012407017543859533,0.0025050100200401104,381.9483333333333,62.833333333333336
2006-12-01,382.02,1779.91,320.27,79.0,,,,,47.9151266255989,0.004496331939733311,-0.00019660049655667589,0.002159083797484085,382.09083333333336,63.833333333333336
2007-01-01,383.1,1779.25,320.36,101.0,,31499.256,135617.984,5593.206,48.0,0.003983437287069735,-0.00015734491691621333,0.0019704125355768376,382.21750000000003,67.58333333333333
2007-02-01,384.12,1778.67,320.38,70.0,,,,,48.0848733744011,0.00449790794979088,-0.0004551891563827626,0.0017823082455208361,382.3608333333334,67.25
2007-03-01,384.81,1780.26,320.28,71.0,,,,,48.16153319644079,0.005093245572794114,0.0016147272123732126,0.0015948963317384823,382.5233333333333,67.91666666666667
2007-04-01,386.73,1781.02,320.18,77.0,,,,,48.24640657084189,0.005015592515592582,0.002758822602076494,0.0015014075695964912,382.68416666666667,70.5
2007-05-01,386.78,1779.28,320.22,69.0,,,,,48.328542094455855,0.0040496339753905986,0.002462096669690217,0.0016578560480466908,382.8141666666667,72.25
2007-06-01,386.33,1775.48,320.24,61.0,,,,,48.41341546885695,0.005439308765354811,0.0035326102315695884,0.0018144278295688654,382.9883333333333,71.83333333333333
2007-07-01,384.73,1772.66,320.18,60.0,,,,,48.49555099247091,0.005435776819548099,0.0048124613841069586,0.0017207396051686086,383.1616666666667,72.33333333333333
2007-08-01,382.24,1777.33,320.22,60.0,,,,,48.580424366872,0.004308985811875887,0.005709467870804064,0.0016891891891892552,383.29833333333335,71.41666666666667
2007-09-01,381.2,1785.87,320.46,60.0,,,,,48.6652977412731,0.005698607007175838,0.006362068771202267,0.0020011256331686766,383.4783333333333,70.91666666666667
2007-10-01,381.37,1789.69,320.73,59.0,,,,,48.747433264887064,0.0053779031450189585,0.0064332911570363915,0.0022812500000000124,383.6483333333333,70.0
2007-11-01,382.7,1789.32,320.95,59.0,,,,,48.832306639288156,0.006178519784409087,0.0057783973378899844,0.0024675162418790197,383.8441666666667,68.83333333333333
2007-12-01,384.19,1788.08,321.16,49.0,,,,,48.91444216290212,0.005680330872729122,0.004590119725154551,0.0027789052986544327,384.02500000000003,66.33333333333333
2008-01-01,385.78,1786.7,321.33,30.0,,32049.66,137229.406,5951.02,48.99931553730322,0.006995562516314058,0.004187157510186834,0.0030278436758646166,384.2483333333334,60.416666666666664
2008-02-01,386.06,1785.82,321.39,38.0,,,,,49.08418891170431,0.005050505050504972,0.004019857534000026,0.0031525063986515,384.41,57.75
2008-03-01,386.28,1786.16,321.38,75.0,,,,,49.163586584531146,0.0038200670460746267,0.003314122656241203,0.003434494817035061,384.5325,58.083333333333336
2008-04-01,387.33,1786.89,321.39,54.0,,,,,49.24845995893224,0.0015514700178418384,0.003295864167724094,0.0037791242426135074,384.5825,56.166666666666664
2008-05-01,388.78,1785.21,321.43,50.0,,,,,49.3305954825462,0.005170898185014705,0.0033328087765838177,0.0037786521766285386,384.74916666666667,54.583333333333336
2008-06-01,387.99,1780.46,321.45,49.0,,,,,49.4154688569473,0.00429684466647684,0.0028048753013270034,0.003778416187859124,384.8875,53.583333333333336
2008-07-01,386.61,1777.64,321.42,60.0,,,,,49.497604380561256,0.004886543809944577,0.0028093373799826793,0.0038728215378849296,385.04416666666674,53.583333333333336
2008-08-01,384.32,1781.05,321.4,45.0,,,,,49.582477754962355,0.005441607367099088,0.0020930271812213963,0.003684966585472349,385.2175,52.333333333333336
2008-09-01,383.41,1787.65,321.49,60.0,,,,,49.667351129363446,0.005797481636936164,0.0009967130866188612,0.00321412968857282,385.40166666666664,52.333333333333336
2008-10-01,383.22,1793.68,321.65,67.0,,,,,49.74948665297741,0.004850932165613608,0.0022294363828372354,0.002868456333988023,385.55583333333334,53.0
2008-11-01,384.41,1797.31,321.8,69.0,,,,,49.83436002737851,0.004468251894434339,0.004465383497641584,0.0026483875993146277,385.6983333333333,53.833333333333336
2008-12-01,385.79,1796.57,321.98,53.0,,,,,49.91649555099247,0.004164606054296138,0.00474810970426387,0.002553244488728401,385.83166666666665,54.166666666666664
2009-01-01,387.17,1795.06,322.21,64.0,,31513.014,135033.219,6534.817,50.001368925393564,0.0036030898439525227,0.004679017182515288,0.0027386176205146384,385.9475,57.0
2009-02-01,387.7,1795.59,322.34,53.0,,,,,50.08624229979466,0.004248044345438462,0.00547087612413355,0.0029559102647873647,386.0841666666666,58.25
2009-03-01,389.04,1795.93,322.27,53.0,,,,,50.16290212183436,0.007145076110593562,0.005469834729251666,0.0027693073620014275,386.3141666666666,56.416666666666664
2009-04-01,389.76,1795.55,322.1,61.0,,,,,50.247775496235455,0.00627372008364957,0.00484640912423262,0.0022091539873674293,386.51666666666665,57.0
2009-05-01,390.36,1792.4,321.98,65.0,,,,,50.32991101984942,0.004063995061474479,0.004027537376555257,0.0017111035062067348,386.64833333333337,58.25
2009-06-01,389.7,1786.95,321.95,64.0,,,,,50.41478439425051,0.004407330085826944,0.0036451254170271064,0.0015554518587650445,386.7908333333334,59.5
2009-07-01,388.24,1785.06,322.02,73.0,,,,,50.496919917864474,0.004216135123250808,0.004174073490695429,0.0018667164457717433,386.9266666666667,60.583333333333336
2009-08-01,386.29,1788.92,322.15,69.0,,,,,50.58179329226557,0.005125936719400537,0.00441874175346002,0.002333540759178687,387.09083333333336,62.583333333333336
2009-09-01,384.95,1794.81,322.3,72.0,,,,,50.666666666666664,0.0040165879867504195,0.004005258300002756,0.0025195184920214775,387.2191666666667,63.583333333333336
2009-10-01,384.64,1798.01,322.51,65.0,,,,,50.74880219028063,0.003705443348468229,0.002414031488336743,0.0026737136639205517,387.33750000000003,63.416666666666664
2009-11-01,386.23,1797.86,322.71,80.0,,,,,50.83367556468173,0.004734528238079072,0.0003060128747962576,0.0028278433809818537,387.4891666666667,64.33333333333333
2009-12-01,387.63,1796.73,322.84,67.0,,,,,50.91581108829569,0.004769434148111706,8.905859498931079e-05,0.002670973352381978,387.6425,65.5
2010-01-01,388.91,1797.37,322.91,74.0,,33317.672,141602.047,6517.829,51.00068446269678,0.0044941498566521965,0.0012868650630062373,0.002172496198131757,387.78749999999997,66.33333333333333
2010-02-01,390.41,1798.96,322.93,84.0,,,,,51.08555783709788,0.006989940675780293,0.0018768204322814341,0.0018303654526277136,388.0133333333334,68.91666666666667
2010-03-01,391.37,1799.49,322.94,92.0,,,,,51.162217659137575,0.005989101377750217,0.0019822598876348962,0.0020790020790020236,388.20750000000004,72.16666666666667
2010-04-01,392.67,1799.61,322.97,85.0,,,,,51.24709103353867,0.0074661330049261565,0.002261145609980142,0.0027010245265446375,388.45000000000005,74.16666666666667
2010-05-01,393.21,1797.63,323.01,75.0,,,,,51.32922655715264,0.007300952966492469,0.002917875474224507,0.003198956456922808,388.68750000000006,75.0
2010-06-01,392.38,1792.4,323.0,67.0,,,,,51.41409993155373,0.006877084937131128,0.003049889476482326,0.0032613759900606,388.9108333333333,75.25
2010-07-01,390.41,1789.29,323.02,63.0,,,,,51.49623545516769,0.005589326189985533,0.0023696682464455776,0.0031053971802994518,389.0916666666667,74.41666666666667
2010-08-01,388.54,1794.0,323.1,67.0,,,,,51.58110882956879,0.005824639519532049,0.002839702166670399,0.002948936830668991,389.2791666666667,74.25
2010-09-01,387.03,1801.93,323.26,63.0,,,,,51.66598220396988,0.005403299129757011,0.003966993720783796,0.0029785913744957426,389.45250000000004,73.5
2010-10-01,387.43,1806.73,323.51,71.0,,,,,51.748117727583846,0.007253535773710462,0.0048498061746040655,0.0031006790487115854,389.685,74.0
2010-11-01,388.87,1807.07,323.75,81.0,,,,,51.832991101984945,0.006835305387981272,0.005122757055610494,0.0032227076942146216,389.90500000000003,74.08333333333333
2010-12-01,389.99,1803.28,323.92,45.0,,,,,51.9151266255989,0.0060882800608828,0.0036455115682378914,0.0033453103704623732,390.1016666666667,72.25
2011-01-01,391.5,1799.99,324.03,52.0,,34479.988,144913.297,6392.556,52.0,0.006659638476768315,0.0014576853958840896,0.003468458703663302,390.31750000000005,70.41666666666667
2011-02-01,392.05,1800.03,324.07,47.0,,,,,52.0848733744011,0.004200712071924295,0.000594788099790966,0.003530176818505426,390.45416666666665,67.33333333333333
2011-03-01,392.8,1801.03,324.07,65.0,,,,,52.16153319644079,0.00365383141272968,0.0008557980316645786,0.0034991020003716233,390.5733333333333,65.08333333333333
2011-04-01,393.44,1802.82,324.06,64.0,,,,,52.24640657084189,0.001960934117706925,0.0017837198059580395,0.0033749264637581433,390.6375,63.333333333333336
2011-05-01,394.41,1803.13,324.05,53.0,,,,,52.328542094455855,0.0030518043793394956,0.003059584007832461,0.003219714559920872,390.73749999999995,61.5
2011-06-01,393.95,1798.99,324.05,62.0,,,,,52.41341546885695,0.004001223303940149,0.0036766346797589833,0.0032507739938081315,390.86833333333334,61.083333333333336
2011-07-01,392.72,1796.05,324.05,70.0,,,,,52.49555099247091,0.005916856637893542,0.0037780348629903315,0.0031886570490993194,391.0608333333333,61.666666666666664
2011-08-01,390.33,1798.99,324.1,75.0,,,,,52.580424366872,0.00460699027127176,0.002781493868450502,0.003095017022593627,391.21,62.333333333333336
2011-09-01,389.28,1804.16,324.24,55.0,,,,,52.6652977412731,0.005813502829238093,0.0012375619474673805,0.003031615417929956,391.39750000000004,61.666666666666664
2011-10-01,389.19,1809.6,324.45,65.0,,,,,52.747433264887064,0.004542756110781365,0.0015885052000021993,0.002905628883187461,391.5441666666666,61.166666666666664
2011-11-01,390.48,1812.32,324.64,59.0,,,,,52.832306639288156,0.004140201095481855,0.0029052554687976073,0.002749034749034651,391.6783333333333,59.333333333333336
2011-12-01,392.06,1810.04,324.77,60.0,,,,,52.91444216290212,0.0053078284058565295,0.0037487245463820873,0.002624104717213971,391.85083333333336,60.583333333333336
2012-01-01,393.31,1807.44,324.9,47.0,,34954.734,147002.422,6682.122,52.99931553730322,0.0046232439335887054,0.0041389118828438765,0.0026849365799463953,392.0016666666667,60.166666666666664
2012-02-01,394.04,1808.39,324.97,48.0,,,,,53.08418891170431,0.005075883178166096,0.004644367038327157,0.0027771777702350064,392.1675,60.25
2012-03-01,394.59,1810.05,324.95,56.0,,,,,53.163586584531146,0.004557026476578407,0.005008245281866497,0.0027154627086740657,392.3166666666666,59.5
2012-04-01,396.38,1808.51,324.92,72.0,,,,,53.24845995893224,0.0074725498169987414,0.003156166450339004,0.002653829537740071,392.56166666666667,60.166666666666664
2012-05-01,396.93,1804.84,324.9,78.0,,,,,53.3305954825462,0.006389290332395214,0.0009483509231169585,0.0026230519981482736,392.7716666666667,62.25
2012-06-01,395.91,1801.04,324.86,64.0,,,,,53.4154688569473,0.0049752506663283125,0.001139528290874381,0.002499614257059024,392.935,62.416666666666664
2012-07-01,394.56,1799.36,324.87,59.0,,,,,53.497604380561256,0.004685271949480541,0.0018429331031986074,0.002530473692331503,393.08833333333337,61.5
2012-08-01,392.59,1803.29,324.97,66.0,,,,,53.582477754962355,0.005789972587297854,0.002390230073541222,0.00268435668003697,393.2766666666667,60.75
2012-09-01,391.32,1810.16,325.12,72.0,,,,,53.667351129363446,0.005240443896424196,0.0033256473926923658,0.0027140389834690026,393.4466666666667,62.166666666666664
2012-10-01,391.27,1814.86,325.28,79.0,,,,,53.74948665297741,0.005344433310208396,0.0029067197170644654,0.0025581753737093926,393.61999999999995,63.333333333333336
2012-11-01,393.2,1815.95,325.43,78.0,,,,,53.83436002737851,0.006965785699651672,0.002002957535093275,0.0024334647609660642,393.84666666666675,64.91666666666667
2012-12-01,394.57,1814.56,325.53,52.0,,,,,53.91649555099247,0.006402081314084596,0.002497182382709795,0.0023401176217014985,394.05583333333334,64.25
2013-01-01,395.78,1814.05,325.58,71.0,,35275.82,149599.734,6319.521,54.001368925393564,0.006280033561312903,0.003657106183331038,0.002092951677439281,394.2616666666666,66.25
2013-02-01,397.03,1814.15,325.62,61.0,,,,,54.08624229979466,0.007588062125672312,0.0031851536449549744,0.0020001846324275707,394.51083333333327,67.33333333333333
2013-03-01,397.66,1813.25,325.68,67.0,,,,,54.16290212183436,0.007780227577992571,0.0017679069638960598,0.00224649946145572,394.7666666666667,68.25
2013-04-01,398.64,1812.84,325.74,53.0,,,,,54.247775496235455,0.005701599475250951,0.0023942361391420253,0.002523698141080777,394.955,66.66666666666667
2013-05-01,400.02,1811.93,325.81,60.0,,,,,54.32991101984942,0.0077847479404429265,0.003928326056603426,0.0028008618036319266,395.21250000000003,65.16666666666667
2013-06-01,398.81,1808.59,325.9,69.0,,,,,54.41478439425051,0.007324897072567005,0.004192022387065286,0.0032013790555931454,395.45416666666665,65.58333333333333
2013-07-01,397.51,1805.98,325.96,60.0,,,,,54.496919917864474,0.007476682887266772,0.003679085897208001,0.0033551882291378288,395.7,65.66666666666667
2013-08-01,395.39,1808.52,325.98,70.0,,,,,54.58179329226557,0.00713212257062068,0.002900254534766944,0.0031079791980797022,395.93333333333334,66.0
2013-09-01,393.72,1814.24,326.05,76.0,,,,,54.666666666666664,0.006133088009812937,0.002253944402704766,0.0028604822834645827,396.13333333333327,66.33333333333333
2013-10-01,393.9,1818.51,326.2,69.0,,,,,54.74880219028063,0.006721701127099022,0.0020111744156574574,0.0028283325135267656,396.3525,65.5
2013-11-01,395.36,1820.34,326.38,83.0,,,,,54.83367556468173,0.005493387589013299,0.002417467441284016,0.002919214577635776,396.53249999999997,65.91666666666667
2013-12-01,397.03,1819.32,326.52,70.0,,,,,54.91581108829569,0.006234635172466252,0.0026232254651266107,0.003041194359966859,396.73749999999995,67.41666666666667
2014-01-01,398.04,1816.76,326.61,76.0,,35465.695,151239.172,6409.911,55.00068446269678,0.005710243064328768,0.0014938948761060722,0.003163584986792811,396.9258333333333,67.83333333333333
2014-02-01,398.27,1816.27,326.66,55.0,,,,,55.08555783709788,0.0031231896833991968,0.001168591351321524,0.003193907008169017,397.0291666666667,67.33333333333333
2014-03-01,399.91,1818.06,326.72,78.0,,,,,55.162217659137575,0.005658099884323198,0.002652695436371033,0.0031933185949399867,397.21666666666664,68.25
2014-04-01,401.51,1820.88,326.79,81.0,,,,,55.24709103353867,0.0071994782259683365,0.004435030118488115,0.0032234297292319525,397.4558333333334,70.58333333333333
2014-05-01,401.96,1821.95,326.82,86.0,,,,,55.32922655715264,0.004849757512124464,0.005530014956427687,0.0030999662379913584,397.6175,72.75
2014-06-01,401.43,1818.46,326.89,67.0,,,,,55.41409993155373,0.006569544394573912,0.005457289933041842,0.0030377416385394262,397.83583333333337,72.58333333333333
2014-07-01,399.27,1815.76,327.03,58.0,,,,,55.49623545516769,0.00442756157077806,0.005415342362595332,0.0032826113633575016,397.9825,72.41666666666667
2014-08-01,397.18,1819.88,327.19,83.0,,,,,55.58110882956879,0.004527175699941877,0.006281379249331032,0.0037118841646726075,398.13166666666666,73.5
2014-09-01,395.54,1826.87,327.34,88.0,,,,,55.66598220396988,0.00462257441836833,0.0069615927330450855,0.003956448397484991,398.28333333333336,74.5
2014-10-01,396.16,1831.22,327.52,80.0,,,,,55.748117727583846,0.005737496826605959,0.006989238442461243,0.004046597179644396,398.47166666666664,75.41666666666667
2014-11-01,397.4,1833.0,327.72,67.0,,,,,55.832991101984945,0.0051598543099957705,0.006954744718019823,0.004105643728169683,398.64166666666665,74.08333333333333
2014-12-01,399.08,1833.46,327.87,78.0,,,,,55.9151266255989,0.005163337783039124,0.00777213464371318,0.004134509371554573,398.8125,74.75
2015-01-01,400.18,1833.11,327.98,86.0,,35403.527,152357.625,6512.625,56.0,0.005376344086021501,0.008999537638433308,0.004194605186613964,398.99083333333334,75.58333333333333
2015-02-01,400.55,1832.96,328.04,91.0,,,,,56.0848733744011,0.0057247595852061295,0.009189162404268147,0.00422457601175541,399.18083333333334,78.58333333333333
2015-03-01,401.74,1833.19,328.04,96.0,,,,,56.16153319644079,0.00457602960666148,0.008322057577857755,0.004040156709108622,399.3333333333333,80.08333333333333
2015-04-01,403.35,1833.15,327.98,75.0,,,,,56.24640657084189,0.004582700306343668,0.006738500065902153,0.003641482297499943,399.4866666666667,79.58333333333333
2015-05-01,404.15,1831.52,327.93,80.0,,,,,56.328542094455855,0.005448303313762448,0.005252613957572816,0.0033963649715440525,399.6691666666666,79.08333333333333
2015-06-01,402.97,1827.11,327.95,81.0,,,,,56.41341546885695,0.003836285280123697,0.00475677221385129,0.003242681024197669,399.79750000000007,80.25
2015-07-01,401.46,1824.59,328.03,73.0,,,,,56.49555099247091,0.0054850101435119925,0.004862977486011388,0.0030578234412745875,399.98,81.5
2015-08-01,399.11,1828.96,328.12,79.0,,,,,56.580424366872,0.004859257767259262,0.004989339956480654,0.002842385158470684,400.1408333333333,81.16666666666667
2015-09-01,397.82,1836.21,328.24,83.0,,,,,56.6652977412731,0.005764271628659445,0.005112569586232185,0.0027494348383945155,400.33083333333326,80.75
2015-10-01,398.49,1841.48,328.42,107.0,,,,,56.747433264887064,0.005881462035541185,0.005602822162274368,0.002747923790913598,400.52500000000003,83.0
2015-11-01,400.27,1844.54,328.61,106.0,,,,,56.832306639288156,0.0072219426270760945,0.006295690125477371,0.002715732942756066,400.76416666666665,86.25
2015-12-01,402.06,1844.74,328.77,117.0,,,,,56.91444216290212,0.0074671745013532576,0.0061523022045748554,0.0027449903925336194,401.01250000000005,89.5
2016-01-01,402.73,1842.53,328.87,118.0,,35392.832,154221.484,5376.553,56.99931553730322,0.006372132540356956,0.005138807818406921,0.0027135800963473677,401.22499999999997,92.16666666666667
2016-02-01,404.25,1841.74,328.9,136.0,,,,,57.08418891170431,0.009237298714267927,0.004790066340782051,0.0026216315083524844,401.5333333333333,95.91666666666667
2016-03-01,405.06,1843.04,328.88,135.0,,,,,57.163586584531146,0.008264051376512205,0.005373147355156815,0.00256066333373961,401.81,99.16666666666667
2016-04-01,407.6,1843.74,328.88,108.0,,,,,57.24845995893224,0.010536754679558724,0.0057769413304966655,0.002744069760351131,402.16416666666663,101.91666666666667
2016-05-01,407.9,1842.15,328.91,95.0,,,,,57.3305954825462,0.00927873314363481,0.005803922425089647,0.002988442655444734,402.4766666666667,103.16666666666667
2016-06-01,406.99,1837.9,328.91,80.0,,,,,57.4154688569473,0.009975928729185846,0.005905501037157146,0.0029272754993139305,402.81166666666667,103.08333333333333
2016-07-01,404.59,1834.26,328.84,84.0,,,,,57.497604380561256,0.007796542619439073,0.005299820781655029,0.002469286345761157,403.0725,104.0
2016-08-01,402.45,1836.83,328.78,101.0,,,,,57.582477754962355,0.008368620179900255,0.004302991864228778,0.0020114592222357786,403.35083333333336,105.83333333333333
2016-09-01,401.23,1844.33,328.86,90.0,,,,,57.667351129363446,0.00857171585139005,0.004422152150353131,0.0018888618084329512,403.635,106.41666666666667
2016-10-01,401.79,1849.96,329.05,86.0,,,,,57.74948665297741,0.008281261763156023,0.004604991637161326,0.0019182753790878415,403.91,104.66666666666667
2016-11-01,403.72,1851.46,329.23,91.0,,,,,57.83436002737851,0.008619182052114871,0.003751612868249099,0.001886735035452336,404.1975,103.41666666666667
2016-12-01,404.64,1851.05,329.36,86.0,,,,,57.91649555099247,0.006416952693627742,0.0034205362273274087,0.0017945676308666059,404.41249999999997,100.83333333333333
2017-01-01,406.36,1849.74,329.47,102.0,,35974.609,157625.312,5307.768,58.001368925393564,0.00901348297867055,0.003913097751461425,0.0018244291057256667,404.715,99.5
2017-02-01,406.65,1848.49,329.52,113.0,,,,,58.08624229979466,0.005936920222634479,0.003665012433893944,0.0018850714502889332,404.915,97.58333333333333
2017-03-01,407.54,1848.24,329.54,116.0,,,,,58.16290212183436,0.006122549745716688,0.002821425470961092,0.002006810994891861,405.12166666666667,96.0
2017-04-01,409.22,1848.57,329.53,93.0,,,,,58.247775496235455,0.003974484789008859,0.00261967522535711,0.001976404767696449,405.2566666666667,94.75
2017-05-01,409.89,1847.22,329.51,91.0,,,,,58.32991101984942,0.004878646727139113,0.0027522188746844645,0.0018242072299412548,405.42249999999996,94.41666666666667
2017-06-01,409.08,1842.89,329.58,71.0,,,,,58.41478439425051,0.005135261308631511,0.002715055226073293,0.0020370314067676976,405.59666666666664,93.66666666666667
2017-07-01,407.33,1840.22,329.7,82.0,,,,,58.496919917864474,0.006772287995254533,0.003249266734268952,0.0026152536187811215,405.825,93.5
2017-08-01,405.32,1844.58,329.79,87.0,,,,,58.58179329226557,0.00713132066095179,0.004219225513520497,0.0030719630147819643,406.0641666666667,92.33333333333333
2017-09-01,403.57,1852.76,329.87,74.0,,,,,58.666666666666664,0.005832066395832669,0.004570765535451882,0.0030712157148937713,406.25916666666666,91.0
2017-10-01,403.82,1858.03,330.01,88.0,,,,,58.74880219028063,0.005052390552278574,0.004362256481221127,0.0029174897432000524,406.4283333333333,91.16666666666667
2017-11-01,405.31,1858.6,330.15,87.0,,,,,58.83367556468173,0.00393837312989187,0.003856416017629316,0.002794399052334029,406.5608333333334,90.83333333333333
2017-12-01,407.0,1856.59,330.29,93.0,,,,,58.91581108829569,0.005832344800316358,0.002992895923935146,0.0028236580034004533,406.7575,91.41666666666667
2018-01-01,408.15,1854.53,330.45,82.0,,36734.004,161806.125,4882.023,59.00068446269678,0.004404961118220196,0.0025895531263853133,0.0029744741554615928,406.9066666666667,89.75
2018-02-01,408.52,1855.08,330.6,84.0,,,,,59.08555783709788,0.004598549120865547,0.0035650720317663698,0.00327749453750914,407.0625,87.33333333333333
2018-03-01,409.59,1856.97,330.69,88.0,,,,,59.162217659137575,0.005030181086518981,0.004723412543825578,0.0034897129331794563,407.23333333333335,85.0
2018-04-01,410.45,1856.74,330.71,88.0,,,,,59.24709103353867,0.003005718195591589,0.004419632472668189,0.0035808575850453384,407.3358333333333,84.58333333333333
2018-05-01,411.44,1854.71,330.7,81.0,,,,,59.32922655715264,0.0037815023542902004,0.004054741719990096,0.003611423022062965,407.465,83.75
2018-06-01,410.99,1851.85,330.7,76.0,,,,,59.41409993155373,0.004669013395912858,0.004861928818323369,0.0033982644577947863,407.62416666666667,84.16666666666667
2018-07-01,408.9,1849.05,330.75,83.0,,,,,59.49623545516769,0.0038543686936880484,0.004798339328993206,0.0031847133757962887,407.75500000000005,84.25
2018-08-01,407.16,1851.94,330.88,78.0,,,,,59.58110882956879,0.004539623013914973,0.003990068199807073,0.003305133569847296,407.9083333333333,83.5
2018-09-01,405.71,1860.46,331.08,80.0,,,,,59.66598220396988,0.0053026736377828065,0.004155961916276318,0.0036681116803589653,408.08666666666664,84.0
2018-10-01,406.19,1865.75,331.29,101.0,,,,,59.748117727583846,0.005868951513050336,0.004154938294860688,0.0038786703433231207,408.28416666666664,85.08333333333333
2018-11-01,408.21,1866.25,331.48,83.0,,,,,59.832991101984945,0.007155017147368659,0.004116001291294635,0.004028471906709186,408.5258333333333,84.75
2018-12-01,409.27,1866.02,331.68,93.0,,,,,59.9151266255989,0.00557739557739545,0.0050792043477558835,0.004208422901086806,408.715,84.75
2019-01-01,411.03,1865.01,331.78,93.0,,37086.566,163694.609,4887.178,60.0,0.007056229327453201,0.005651027484052662,0.004024814646693908,408.955,85.66666666666667
2019-02-01,411.96,1865.03,331.75,95.0,,,,,60.0848733744011,0.008420640360325082,0.0053636500851714786,0.003478523895946717,409.2416666666666,86.58333333333333
2019-03-01,412.18,1866.3,331.66,117.0,,,,,60.16153319644079,0.006323396567299078,0.0050243138015153566,0.0029332607578094194,409.4575,89.0
2019-04-01,413.54,1865.33,331.62,101.0,,,,,60.24640657084189,0.007528322572786017,0.004626388185744901,0.0027516555290134637,409.715,90.08333333333333
2019-05-01,414.86,1861.96,331.64,86.0,,,,,60.328542094455855,0.008312269103636138,0.0039089669004857,0.0028424553976413858,410.0,90.5
2019-06-01,414.15,1858.57,331.73,90.0,,,,,60.41341546885695,0.007688751551132578,0.0036288036288036896,0.003114605382521951,410.2633333333333,91.66666666666667
2019-07-01,411.96,1857.99,331.84,94.0,,,,,60.49555099247091,0.007483492296405103,0.004834915226738179,0.003295540438397415,410.51833333333326,92.58333333333333
2019-08-01,410.17,1862.87,331.88,95.0,,,,,60.580424366872,0.00739267118577458,0.005901919068652228,0.0030222437137330527,410.76916666666665,94.0
2019-09-01,408.76,1870.79,331.93,93.0,,,,,60.6652977412731,0.007517685045968836,0.005552390269073282,0.0025673553219767165,411.0233333333333,95.08333333333333
2019-10-01,408.74,1875.42,332.08,100.0,,,,,60.747433264887064,0.006277850267116358,0.0051829023181027,0.00238461770654097,411.23583333333335,95.0
2019-11-01,410.47,1875.61,332.26,99.0,,,,,60.832306639288156,0.005536366086083211,0.005015405224380487,0.0023530831422708953,411.4241666666667,96.33333333333333
2019-12-01,411.97,1874.61,332.4,111.0,,,,,60.91444216290212,0.0065971119309991,0.004603380456801087,0.0021707670043413785,411.64916666666664,97.83333333333333
2020-01-01,413.59,1872.91,332.5,117.0,,35158.23,157993.891,4516.54,60.99931553730322,0.006228255845072139,0.004235902220363519,0.0021701127252999886,411.8625,99.83333333333333
2020-02-01,414.32,1872.3,332.56,124.0,,,,,61.08418891170431,0.005728711525390784,0.0038980606210088364,0.002441597588545674,412.05916666666667,102.25
2020-03-01,414.72,1874.37,332.63,118.0,,,,,61.163586584531146,0.006162356252122914,0.004324063655360755,0.0029246819031536475,412.2708333333333,102.33333333333333
2020-04-01,416.42,1875.78,332.71,112.0,,,,,61.24845995893224,0.006964259805581019,0.005602225879603129,0.003286894638441451,412.5108333333333,103.25
2020-05-01,417.28,1874.41,332.78,99.0,,,,,61.3305954825462,0.005833293159137831,0.006686502395325311,0.0034374623085273726,412.71250000000003,104.33333333333333
2020-06-01,416.58,1871.97,332.88,91.0,,,,,61.4154688569473,0.005867439333574698,0.007209844127474385,0.003466674705332684,412.91499999999996,104.41666666666667
2020-07-01,414.58,1871.47,333.02,89.0,,,,,61.497604380561256,0.006359840761239077,0.007255152072939142,0.003555930568948984,413.1333333333334,104.0
2020-08-01,412.75,1876.39,333.15,86.0,,,,,61.582477754962355,0.006290074847014715,0.007257618620730488,0.0038266843437386733,413.34833333333336,103.25
2020-09-01,411.5,1884.56,333.26,96.0,,,,,61.667351129363446,0.00670319992171442,0.007360526836256431,0.00400686891814539,413.57666666666665,103.5
2020-10-01,411.49,1889.99,333.42,87.0,,,,,61.74948665297741,0.006727993345402972,0.007768926427146994,0.004035172247651264,413.80583333333334,102.41666666666667
2020-11-01,413.1,1891.47,333.6,108.0,,,,,61.83436002737851,0.006407289205057509,0.008455915675433578,0.00403298621561432,414.02500000000003,103.16666666666667
2020-12-01,414.23,1890.97,333.76,80.0,,,,,61.91649555099247,0.005485836347306927,0.008727148580238042,0.004091456077015776,414.2133333333333,100.58333333333333
2021-01-01,415.49,1888.62,333.88,81.0,,36866.863,166043.5,4657.103,62.001368925393564,0.004593921516477861,0.008388016509068619,0.004150375939849571,414.37166666666667,97.58333333333333
2021-02-01,416.72,1886.66,333.96,64.0,,,,,62.08624229979466,0.0057926240586987365,0.007669711050579675,0.004209766658648029,414.57166666666666,92.58333333333333
2021-03-01,417.61,1887.99,334.01,89.0,,,,,62.16290212183436,0.006968557098765427,0.007266441524352185,0.0041487538706670435,414.8125,90.16666666666667
2021-04-01,419.01,1890.8,334.06,76.0,,,,,62.247775496235455,0.006219682051774589,0.008007335615050737,0.004057587688978348,415.02833333333336,87.16666666666667
2021-05-01,419.09,1891.28,334.1,79.0,,,,,62.32991101984942,0.004337615030674868,0.009000165385374626,0.003966584530320505,415.1791666666666,85.5
2021-06-01,418.93,1888.08,334.12,85.0,,,,,62.41478439425051,0.005641173364059782,0.008605907145947889,0.003725066089882212,415.375,85.0
2021-07-01,416.9,1885.99,334.15,92.0,,,,,62.496919917864474,0.005596024892662532,0.007758606870534868,0.0033931895982222127,415.5683333333333,85.25
2021-08-01,414.42,1892.32,334.23,81.0,,,,,62.58179329226557,0.004046032707450076,0.008489706297731159,0.003241782980639485,415.7075,84.83333333333333
2021-09-01,413.26,1902.43,334.41,92.0,,,,,62.666666666666664,0.00427703523693812,0.00948231948040923,0.0034507591670167592,415.8541666666667,84.5
2021-10-01,413.9,1907.92,334.63,98.0,,,,,62.74880219028063,0.005856764441420026,0.009486822681601614,0.003629056445324075,416.055,85.41666666666667
2021-11-01,414.97,1909.23,334.85,92.0,,,,,62.83367556468173,0.004526748971193317,0.00938952243493163,0.003747002398081456,416.2108333333333,84.08333333333333
2021-12-01,416.67,1907.95,335.05,88.0,,,,,62.91581108829569,0.005890447336021065,0.008979518448203772,0.003865052732502372,416.4141666666667,84.75
2022-01-01,418.13,1906.33,335.22,91.0,,37527.773,169061.531,4785.392,63.00068446269678,0.006353943536547169,0.009377217227393597,0.004013417994489066,416.63416666666666,85.58333333333333
2022-02-01,419.24,1906.42,335.31,89.0,,,,,63.08555783709788,0.006047225955077673,0.010473535242174092,0.004042400287459724,416.8441666666667,87.66666666666667
2022-03-01,418.76,1907.77,335.38,104.0,,,,,63.162217659137575,0.0027537654749645313,0.010476750406517077,0.004101673602586731,416.94,88.91666666666667
2022-04-01,420.19,1908.84,335.43,83.0,,,,,63.24709103353867,0.0028161619054438702,0.009540935053945487,0.004101059689876063,417.03833333333324,89.5
2022-05-01,420.97,1907.49,335.45,84.0,,,,,63.32922655715264,0.0044859099477441156,0.00857091493591633,0.004040706375336711,417.195,89.91666666666667
2022-06-01,420.94,1904.83,335.47,92.0,,,,,63.41409993155373,0.004797937602940783,0.008871446125164217,0.004040464503771268,417.3625,90.5
2022-07-01,418.85,1904.0,335.54,94.0,,,,,63.49623545516769,0.004677380666826769,0.009549361343379248,0.004159808469250459,417.52500000000003,90.66666666666667
2022-08-01,417.15,1908.32,335.63,94.0,,,,,63.58110882956879,0.006587519907340189,0.008455229559482635,0.004188732310085763,417.75250000000005,91.75
2022-09-01,415.91,1915.03,335.75,88.0,,,,,63.66598220396988,0.0064124280114215,0.006623108340385597,0.004007057205227094,417.97333333333336,91.41666666666667
2022-10-01,415.74,1919.46,335.92,97.0,,,,,63.748117727583846,0.00444551824112116,0.006048471634030772,0.0038550040343066083,418.1266666666667,91.33333333333333
2022-11-01,417.47,1922.21,336.12,73.0,,,,,63.832991101984945,0.006024531893871865,0.006798552295951721,0.003792743019262357,418.33500000000004,89.75
2022-12-01,418.99,1922.02,336.29,79.0,,,,,63.9151266255989,0.005567955456356355,0.007374407086139456,0.0037009401581853396,418.52833333333336,89.0
2023-01-01,419.47,1919.9,336.41,87.0,,38094.039,172238.781,4745.551,64.0,0.0032047449357857083,0.0071183897856090805,0.0035499075234175503,418.64000000000004,88.66666666666667
2023-02-01,420.31,1918.93,336.49,97.0,,,,,64.0848733744011,0.002552237381929112,0.006562037746141947,0.003519131549909016,418.7291666666667,89.33333333333333
2023-03-01,420.99,1918.73,336.53,123.0,,,,,64.1615331964408,0.005325245964275416,0.005744927323524385,0.003428946269902644,418.915,90.91666666666667
2023-04-01,423.31,1919.7,336.54,99.0,,,,,64.24640657084188,0.007425212403912473,0.005689319167662132,0.003309185224935174,419.175,92.25
2023-05-01,424.0,1919.12,336.54,94.0,,,,,64.32854209445586,0.007197662541273742,0.006097017546618844,0.003249366522581676,419.4275,93.08333333333333
2023-06-01,423.68,1915.05,336.56,108.0,,,,,64.41341546885695,0.006509241222026896,0.0053653081902322874,0.0032491728023369415,419.6558333333333,94.41666666666667
2023-07-01,421.83,1912.94,336.6,119.0,,,,,64.49555099247091,0.007114718873104886,0.004695378151260643,0.003159086845085479,419.9041666666667,96.5
2023-08-01,419.68,1916.7,336.65,119.0,,,,,64.58042436687201,0.006064964641016468,0.004391297057097399,0.003039060870601462,420.115,98.58333333333333
2023-09-01,418.5,1924.38,336.73,148.0,,,,,64.66529774127311,0.006227308792767561,0.004882430040260566,0.0029188384214446916,420.3308333333334,103.58333333333333
2023-10-01,418.82,1930.11,336.89,134.0,,,,,64.74743326488706,0.007408476451628454,0.005548435497483517,0.0028875922838769164,420.58750000000003,106.66666666666667
2023-11-01,420.46,1931.55,337.09,140.0,,,,,64.83230663928816,0.007162191295182696,0.004858990432887067,0.002885874092585894,420.83666666666664,112.25
2023-12-01,421.86,1931.15,337.3,135.0,,,,,64.91444216290212,0.006849805484617777,0.0047502107158095,0.0030033601950696376,421.0758333333333,116.91666666666667
2024-01-01,422.8,1928.22,337.46,125.0,,38598.578,176737.094,4585.508,64.99931553730322,0.007938589172050481,0.004333559039533252,0.003121191403346879,421.3533333333333,120.08333333333333
2024-02-01,424.55,1925.73,337.54,143.0,,,,,65.08418891170432,0.010087792343746349,0.0035436415085490225,0.003120449344705678,421.7066666666667,123.91666666666667
2024-03-01,425.38,1927.15,337.57,139.0,,,,,65.16358658453115,0.010427801135418857,0.0043883193570748436,0.0030903634148515824,422.0725,125.25
2024-04-01,426.51,1928.55,337.6,131.0,,,,,65.24845995893224,0.007559471781909188,0.00461009532739487,0.0031496998870861326,422.3391666666667,127.91666666666667
2024-05-01,426.9,1925.56,337.66,116.0,,,,,65.3305954825462,0.00683962264150928,0.003355704697986628,0.0033279847863552092,422.5808333333334,129.75
2024-06-01,426.91,1921.35,337.69,124.0,,,,,65.4154688569473,0.007623678247734134,0.003289731338607327,0.003357499405752362,422.84999999999997,131.08333333333334
2024-07-01,425.55,1920.39,337.66,120.0,,,,,65.49760438056126,0.008818718441078177,0.003894528840423739,0.0031491384432560388,423.16,131.16666666666666
2024-08-01,422.99,1924.85,337.62,130.0,,,,,65.58247775496235,0.007886961494471878,0.00425209996347875,0.002881330758948586,423.4358333333333,132.08333333333334
2024-09-01,422.03,1934.31,337.67,123.0,,,,,65.66735112936345,0.008434886499402605,0.005160103513858871,0.002791554064087043,423.72999999999996,130.0
2024-10-01,422.38,1940.75,337.85,134.0,,,,,65.74948665297741,0.00850007162981714,0.00551263917600564,0.0028495948232361012,424.02666666666664,130.0
2024-11-01,423.85,1940.0,338.08,129.0,,,,,65.83436002737851,0.008062598106835406,0.004374724961818233,0.0029369011243287613,424.30916666666667,129.08333333333334
2024-12-01,425.4,1937.41,338.29,126.0,,,,,65.91649555099247,0.008391409472336742,0.003241591797633614,0.0029350726356358603,424.6041666666667,128.33333333333334
2025-01-01,426.65,1935.39,338.44,137.0,,,,,66.00136892539356,0.009105960264900625,0.0037184553629772132,0.0029040478871571462,424.925,129.33333333333334
2025-02-01,427.09,1933.83,338.53,127.0,,,,,66.08624229979466,0.0059828053232833245,0.0042061971304387935,0.0029329857202107235,425.1366666666666,128.0
2025-03-01,428.15,1933.64,338.6,137.0,,,,,66.16290212183436,0.00651182472142553,0.0033676672806994823,0.0030512190064284628,425.3675,127.83333333333333
2025-04-01,429.64,1934.48,338.64,124.0,,,,,66.24777549623545,0.007338632153994107,0.0030748489798035905,0.0030805687203789844,425.6283333333333,127.25
2025-05-01,430.51,1933.03,338.64,107.0,,,,,66.32991101984942,0.008456312953853296,0.0038793909304306595,0.0029023277853461593,425.9291666666666,126.5
2025-06-01,429.61,1928.79,338.67,106.0,,,,,66.41478439425052,0.006324518048300476,0.0038722773050199333,0.0029020699458084387,426.1541666666667,125.0
2025-07-01,427.87,1926.54,338.77,102.0,,,,,66.49691991786447,0.005451768299847171,0.0032024744973675467,0.0032873304507492485,426.3475,123.5
2025-08-01,425.48,1930.61,338.88,117.0,,,,,66.58179329226557,0.005886663987328289,0.002992440969426191,0.003732006397725307,426.555,122.41666666666667
2025-09-01,424.37,1939.45,338.99,125.0,,,,,66.66666666666667,0.005544629528706491,0.0026572783059592986,0.003909142061776283,426.75,122.58333333333333
2025-10-01,424.87,1946.16,339.21,119.0,,,,,66.74880219028063,0.005895165490790388,0.0027875821203142692,0.004025455083616958,426.9575,121.33333333333333
2025-11-01,426.46,1945.85,339.46,120.0,,,,,66.83367556468173,0.006157838858086517,0.003015463917525718,0.0040818741126360525,427.17499999999995,120.58333333333333
2025-12-01,427.49,1945.85,339.46,107.0,,,,,66.91581108829568,0.004913023037141695,0.004356331390877433,0.003458571048508663,427.3491666666667,119.0
2026-01-01,428.62,1945.85,339.46,108.0,,,,,67.00068446269678,0.004617367865932254,0.005404595456212968,0.0030138281527005706,427.5133333333333,116.58333333333333
2026-02-01,429.35,1945.85,339.46,124.0,,,,,67.08555783709788,0.005291624716102117,0.006215644601645476,0.002747171594836617,427.7016666666666,116.33333333333333
2026-03-01,429.35,1945.85,339.46,128.0,,,,,67.16221765913758,0.0028027560434429333,0.006314515628555339,0.0025398700531600316,427.8016666666667,115.58333333333333
2026-04-01,429.35,1945.85,339.46,128.0,,,,,67.24709103353867,-0.0006749837072896891,0.005877548488482542,0.0024214505079140913,427.7775,115.91666666666667
2026-05-01,429.35,1945.85,339.46,128.0,,,,,67.32922655715264,-0.0026944786416109867,0.006632075032461993,0.0024214505079140913,427.68083333333334,117.66666666666667
2026-06-01,429.35,1945.85,339.46,128.0,,,,,67.41409993155374,-0.000605200065175393,0.008844923501262425,0.002332654206159246,427.65916666666664,119.5
2026-07-01,429.35,1945.85,339.46,128.0,,,,,67.49623545516769,0.00345899455442078,0.010023150310920048,0.0020367801163030386,427.7825,121.66666666666667
2026-08-01,429.35,1945.85,339.46,128.0,,,,,67.58110882956879,0.009095609664379056,0.007893878100703855,0.0017115203021718095,428.105,122.58333333333333
2026-09-01,429.35,1945.85,339.46,128.0,,,,,67.66598220396989,0.011735042533638218,0.003299904612132254,0.0013864715773326264,428.52000000000004,122.83333333333333
2026-10-01,429.35,1945.85,339.46,128.0,,,,,67.74811772758385,0.010544401817026428,-0.00015928803387188495,0.0007370065740985865,428.8933333333334,123.58333333333333
2026-11-01,429.35,1945.85,339.46,128.0,,,,,67.83299110198494,0.006776719973737411,0.0,0.0,429.1341666666667,124.25
2026-12-01,429.35,1945.85,339.46,128.0,,,,,67.9151266255989,0.00435097897026826,0.0,0.0,429.2891666666667,126.0
